train,val
1.6187290617270764,0.389988877350771
