train,val
0.2329104095697403,0.2314860364304313
0.2313584208107198,0.23146427036086215
0.23134614209503507,0.2314605329987369
0.23134337178171316,0.23145935128006753
0.23134239208596602,0.23145892065537127
0.2313419915020847,0.23145865941349464
0.23134174209032485,0.23145849380312086
